{"cameraMode":{"drawMode":0,"name":"Shaded","section":"Shading Mode"},"sceneLighting":false,"audioPlay":false,"sceneViewState":{"showFog":true,"showMaterialUpdate":false,"showSkybox":false,"showFlares":true,"showImageEffects":true,"showParticleSystems":true},"in2DMode":false,"pivot":{"x":5.006624698638916,"y":1.073636531829834,"z":2.2102303504943849},"rotation":{"x":-0.02835197187960148,"y":0.9673805236816406,"z":-0.12579405307769776,"w":-0.2180527001619339},"size":4.489248752593994,"orthographic":false}