{"cameraMode":{"drawMode":0,"name":"Shaded","section":"Shading Mode"},"sceneLighting":true,"audioPlay":false,"sceneViewState":{"showFog":true,"showMaterialUpdate":false,"showSkybox":true,"showFlares":true,"showImageEffects":true,"showParticleSystems":true},"in2DMode":false,"pivot":{"x":8.633213996887207,"y":0.6435674428939819,"z":1.828550100326538},"rotation":{"x":0.14013242721557618,"y":-0.16081418097019196,"z":0.0230691097676754,"w":0.9767136573791504},"size":4.258440971374512,"orthographic":true}