{"cameraMode":{"drawMode":0,"name":"Shaded","section":"Shading Mode"},"sceneLighting":false,"audioPlay":false,"sceneViewState":{"showFog":true,"showMaterialUpdate":false,"showSkybox":false,"showFlares":true,"showImageEffects":true,"showParticleSystems":true},"in2DMode":false,"pivot":{"x":5.960464477539063e-8,"y":0.5,"z":1.3769999742507935},"rotation":{"x":-0.19685299694538117,"y":0.5842334628105164,"z":-0.14875099062919618,"w":-0.7731709480285645},"size":0.3998543918132782,"orthographic":false}