{"cameraMode":{"drawMode":0,"name":"Shaded","section":"Shading Mode"},"sceneLighting":true,"audioPlay":false,"sceneViewState":{"showFog":true,"showMaterialUpdate":false,"showSkybox":true,"showFlares":true,"showImageEffects":true,"showParticleSystems":true},"in2DMode":false,"pivot":{"x":2.1581532955169679,"y":9.635485649108887,"z":-1.5789369344711304},"rotation":{"x":0.20426838099956513,"y":-0.542165994644165,"z":0.13785772025585175,"w":0.8033217787742615},"size":22.392087936401368,"orthographic":true}